J_Id,medium
1,Print
2,Radio
2,Internet
3,Print
4,Print
5,Internet
6,Internet
8,Print
9,Print
10,Print
11,Internet
12,Internet
12,Print
13,Internet
13,Print
14,Internet
15,Internet
16,Print
17,Internet
18,Print
20,Internet
21,Internet
22,Print
23,Documentary Film
23,Internet
23,Print
25,Print
26,Print
27,Internet
28,Print
29,Television
30,Internet
30,Television
31,Print
31,Television
32,Internet
33,Print
33,Internet
34,Radio
35,Print
36,Radio
37,Radio
37,Television
39,Radio
39,Internet
40,Internet
40,Television
42,Radio
43,Print
44,Radio
46,Radio
46,Television
48,Radio
48,Television
49,Radio
50,Print
53,Print
54,Television
55,Print
56,Internet
57,Print
58,Internet
59,Television
60,Television
61,Television
62,Television
63,Radio
63,Internet
65,Internet
67,Television
68,Television
69,Print
69,Radio
70,Print
71,Television
74,Television
75,Print
76,Internet
76,Print
77,Internet
78,Internet
79,Radio
79,Television
80,Radio
81,Print
82,Internet
83,Internet
83,Print
84,Radio
85,Internet
87,Television
88,Print
89,Internet
89,Television
91,Print
92,Internet
93,Internet
94,Television
95,Television
96,Television
97,Internet
98,Print
99,Radio
101,Radio
101,Television
102,Print
103,Internet
104,Internet
104,Print
105,Radio
106,Radio
107,Internet
108,Print
109,Television
110,Print
112,Internet
113,Print
116,Print
117,Print
118,Print
119,Print
120,Internet
121,Print
122,Print
123,Radio
124,Print
125,Radio
126,Television
127,Radio
129,Television
130,Radio
132,Internet
132,Print
132,Radio
132,Television
133,Internet
134,Print
135,Television
136,Internet
137,Television
138,Internet
139,Print
140,Television
143,Internet
144,Television
145,Print
146,Print
147,Television
148,Print
149,Print
150,Internet
151,Print
152,Television
153,Television
154,Television
155,Radio
157,Print
158,Print
159,Internet
159,Print
160,Internet
161,Internet
162,Internet
163,Internet
163,Print
164,Internet
165,Print
166,Print
167,Print
168,Print
169,Internet
170,Print
171,Television
172,Print
173,Print
173,Television
174,Television
176,Print
178,Print
178,Internet
179,Broadcast
179,Television
181,Internet
182,Radio
183,Radio
184,Print
184,Television
185,Internet
185,Television
186,Internet
187,Internet
188,Print
189,Radio
190,Internet
191,Print
191,Internet
192,Internet
193,Print
194,Radio
195,Internet
196,Television
197,Documentary Film
197,Internet
197,Television
198,Internet
199,Internet
200,Television
201,Television
202,Internet
203,Radio
204,Internet
205,Print
206,Documentary Film
207,Television
208,Internet
209,Television
210,Print
211,Radio
212,Print
213,Internet
214,Internet
214,Radio
215,Internet
216,Internet
217,Print
217,Internet
218,Television
219,Television
220,Internet
220,Print
221,Print
222,Documentary Film
223,Radio
224,Television
225,Internet
226,Print
227,Internet
227,Print
228,Television
228,Internet
229,Internet
229,Print
230,Television
231,Television
232,Internet
232,Print
232,Television
233,Print
234,Internet
235,Internet
235,Print
236,Print
237,Print
238,Internet
238,Print
239,Print
241,Internet
242,Print
243,Print
244,Print
245,Print
246,Print
247,Print
248,Internet
250,Television
251,Internet
252,Print
253,Radio
254,Print
255,Print
256,Internet
256,Print
257,Print
259,Internet
259,Print
259,Radio
260,Internet
260,Print
261,Print
261,Internet
262,Radio
262,Television
263,Television
264,Internet
264,Print
265,Television
266,Television
268,Internet
269,Internet
271,Television
273,Radio
274,Print
275,Internet
278,Radio
280,Radio
284,Internet
285,Print
287,Television
288,Print
289,Radio
290,Print
291,Television
292,Television
293,Print
294,Internet
294,Print
295,Internet
296,Print
297,Print
298,Television
299,Print
300,Radio
303,Print
303,Internet
304,Print
305,Print
306,Print
307,Radio
307,Television
308,Print
310,Radio
311,Television
312,Print
313,Internet
314,Print
315,Television
315,Internet
316,Radio
317,Television
318,Internet
319,Radio
319,Internet
320,Print
320,Internet
321,Print
321,Internet
322,Radio
323,Print
324,Television
325,Internet
325,Print
326,Print
327,Internet
328,Print
329,Television
330,Television
331,Television
333,Print
335,Print
336,Print
337,Internet
338,Television
339,Print
340,Internet
341,Print
341,Internet
343,Print
344,Print
344,Internet
346,Television
347,Print
348,Television
348,Internet
349,Television
350,Television
352,Radio
353,Print
354,Print
355,Print
357,Television
358,Internet
358,Print
358,Television
359,Internet
359,Television
360,Internet
361,Internet
361,Print
362,Print
363,Print
364,Print
365,Print
366,Print
366,Radio
366,Internet
367,Television
369,Print
371,Print
372,Print
372,Internet
373,Print
374,Print
375,Television
376,Radio
377,Print
378,Television
379,Radio
379,Television
380,Radio
380,Television
381,Print
382,Print
383,Print
385,Internet
386,Internet
387,Television
388,Television
389,Internet
389,Print
390,Print
391,Internet
392,Internet
393,Television
394,Television
395,Internet
396,Internet
397,Internet
398,Internet
399,Internet
400,Television
401,Internet
402,Print
403,Print
405,Print
406,Internet
407,Print
407,Internet
408,Television
409,Print
410,Internet
410,Television
411,Internet
412,Print
413,Print
414,Television
415,Print
416,Print
417,Print
418,Print
419,Television
420,Radio
420,Print
421,Print
421,Internet
423,Print
424,Print
424,Internet
426,Print
428,Print
429,Print
430,Internet
430,Print
431,Print
431,Internet
432,Print
433,Print
434,Print
435,Television
436,Print
437,Print
438,Television
440,Radio
441,Television
442,Television
442,Radio
445,Radio
446,Internet
447,Internet
448,Radio
449,Internet
451,Television
453,Print
455,Print
456,Print
457,Print
458,Television
459,Print
460,Internet
461,Radio
462,Radio
463,Print
463,Radio
466,Print
467,Radio
468,Print
471,Television
473,Print
474,Internet
475,Print
476,Print
477,Print
478,Print
480,Print
481,Print
482,Internet
482,Print
483,Print
484,Print
485,Print
486,Print
487,Television
488,Internet
489,Internet
490,Print
490,Television
491,Internet
492,Radio
493,Print
493,Internet
494,Print
495,Print
496,Internet
498,Internet
498,Television
499,Television
500,Print
500,Radio
501,Print
502,Print
503,Print
504,Print
504,Radio
504,Television
505,Documentary Film
506,Print
510,Print
511,Print
511,Internet
512,Internet
513,Radio
513,Television
514,Print
515,Internet
516,Internet
517,Internet
518,Internet
519,Television
520,Print
521,Print
522,Internet
523,Print
524,Print
525,Print
526,Internet
527,Internet
527,Print
527,Television
528,Print
528,Internet
529,Internet
529,Print
531,Television
532,Internet
534,Television
535,Internet
536,Print
537,Print
538,Print
539,Internet
539,Television
540,Print
541,Internet
541,Print
542,Print
544,Print
544,Internet
546,Print
547,Print
548,Television
549,Print
550,Internet
550,Print
551,Print
552,Television
554,Print
556,Print
557,Radio
560,Print
561,Print
562,Radio
563,Print
564,Television
565,Internet
566,Television
567,Radio
568,Television
569,Internet
570,Radio
571,Print
572,Internet
573,Internet
574,Radio
574,Television
575,Print
576,Internet
576,Print
577,Print
578,Print
579,Internet
580,Print
582,Print
583,Print
584,Print
586,Print
587,Radio
588,Radio
589,Internet
590,Television
591,Print
591,Internet
592,Print
592,Internet
594,Internet
595,Print
596,Print
597,Print
598,Print
599,Print
600,Print
601,Print
602,Radio
603,Internet
603,Radio
604,Television
605,Internet
605,Print
606,Television
607,Print
608,Documentary Film
608,Internet
608,Print
609,Radio
610,Print
611,Print
611,Radio
611,Television
612,Print
613,Print
614,Print
615,Print
616,Print
618,Internet
618,Radio
619,Print
621,Print
623,Print
624,Print
625,Print
626,Television
627,Internet
628,Print
629,Internet
629,Radio
630,Print
631,Television
632,Radio
635,Print
637,Internet
638,Radio
638,Print
639,Print
640,Internet
641,Print
642,Television
643,Print
644,Print
645,Print
646,Print
647,Print
648,Print
649,Internet
652,Television
653,Print
653,Internet
654,Print
655,Radio
656,Print
658,Print
659,Print
659,Internet
660,Print
661,Television
663,Radio
667,Radio
668,Radio
670,Print
672,Print
673,Print
673,Internet
674,Internet
674,Print
675,Print
676,Print
677,Print
678,Print
679,Print
680,Print
681,Print
683,Print
684,Print
685,Print
685,Television
686,Print
687,Print
689,Print
691,Print
692,Internet
693,Print
694,Radio
695,Internet
695,Print
696,Internet
697,Print
698,Internet
699,Internet
700,Internet
701,Internet
702,Print
703,Print
704,Print
705,Print
706,Print
707,Print
709,Print
710,Print
711,Print
712,Print
713,Print
713,Internet
714,Print
715,Radio
716,Print
716,Internet
717,Print
718,Television
719,Print
720,Radio
721,Print
722,Internet
722,Radio
724,Print
724,Internet
725,Print
725,Radio
726,Radio
728,Print
729,Print
730,Internet
730,Print
731,Radio
732,Print
733,Print
734,Print
736,Radio
737,Print
738,Internet
738,Print
739,Internet
739,Print
740,Print
742,Print
743,Internet
744,Television
745,Television
746,Print
747,Internet
748,Radio
749,Internet
750,Print
751,Internet
754,Print
755,Radio
755,Television
756,Print
757,Print
758,Print
759,Print
760,Print
761,Internet
762,Television
763,Radio
763,Print
764,Radio
765,Television
766,Television
767,Print
768,Television
770,Radio
770,Internet
771,Television
772,Radio
772,Television
774,Internet
774,Radio
775,Print
777,Print
778,Print
779,Internet
780,Internet
781,Print
782,Print
783,Print
784,Print
785,Print
787,Print
788,Radio
789,Internet
789,Print
790,Print
791,Radio
792,Radio
792,Print
793,Radio
796,Radio
797,Print
799,Print
800,Radio
803,Print
803,Internet
804,Television
805,Documentary Film
809,Print
811,Print
813,Internet
814,Television
814,Internet
815,Internet
816,Television
818,Print
819,Print
820,Internet
822,Internet
823,Print
826,Radio
827,Print
828,Print
829,Print
830,Print
831,Print
832,Print
833,Print
834,Print
835,Print
835,Internet
837,Television
838,Internet
839,Print
840,Print
841,Print
842,Print
843,Radio
844,Print
845,Television
846,Radio
847,Radio
848,Internet
849,Print
850,Internet
851,Internet
852,Radio
853,Television
854,Print
855,Print
856,Television
858,Internet
860,Print
860,Internet
861,Print
862,Internet
863,Internet
865,Print
867,Print
867,Radio
868,Internet
870,Print
871,Television
872,Radio
874,Print
875,Radio
877,Print
878,Internet
879,Print
880,Internet
881,Radio
885,Print
886,Television
887,Radio
889,Radio
890,Radio
891,Print
892,Print
895,Television
896,Television
897,Print
898,Internet
898,Radio
900,Print
901,Internet
902,Internet
903,Radio
904,Internet
905,Print
906,Print
907,Print
908,Print
909,Radio
910,Television
911,Print
911,Internet
913,Internet
915,Internet
916,Radio
917,Print
918,Print
919,Internet
920,Print
921,Print
922,Print
924,Print
925,Print
926,Print
927,Internet
927,Print
928,Television
931,Print
932,Print
933,Radio
933,Television
934,Television
935,Print
936,Print
937,Print
938,Internet
939,Internet
939,Print
940,Print
941,Print
942,Internet
942,Print
943,Print
944,Television
945,Internet
945,Print
945,Radio
946,Print
947,Radio
948,Radio
950,Print
951,Television
952,Internet
953,Print
954,Print
954,Internet
955,Internet
955,Television
956,Print
957,Internet
958,Internet
959,Television
960,Print
961,Internet
962,Print
964,Print
965,Print
966,Internet
967,Print
968,Print
968,Radio
969,Print
970,Print
971,Radio
972,Television
973,Print
974,Television
975,Print
977,Television
978,Television
979,Television
980,Print
981,Print
982,Internet
983,Internet
984,Print
985,Print
987,Print
988,Print
989,Print
990,Print
991,Print
992,Print
992,Internet
993,Print
993,Internet
994,Internet
994,Television
995,Television
996,Television
997,Print
998,Radio
999,Print
999,Radio
1001,Television
1002,Internet
1003,Internet
1004,Print
1006,Print
1007,Print
1008,Print
1009,Print
1010,Print
1011,Print
1012,Internet
1013,Radio
1014,Print
1016,Print
1016,Internet
1017,Print
1019,Print
1020,Print
1022,Print
1024,Print
1026,Print
1027,Internet
1028,Print
1028,Internet
1029,Print
1030,Print
1031,Radio
1033,Print
1035,Print
1036,Radio
1037,Television
1038,Print
1039,Internet
1039,Print
1040,Television
1041,Print
1042,Print
1043,Television
1044,Print
1045,Print
1046,Internet
1047,Print
1047,Radio
1048,Print
1049,Print
1050,Print
1051,Television
1052,Television
1053,Print
1054,Print
1055,Radio
1056,Print
1057,Radio
1058,Print
1059,Print
1060,Print
1060,Internet
1061,Radio
1062,Radio
1062,Internet
1063,Print
1065,Radio
1065,Television
1066,Print
1068,Print
1069,Radio
1070,Print
1071,Print
1072,Print
1073,Television
1074,Print
1075,Print
1076,Print
1077,Print
1078,Internet
1079,Radio
1080,Television
1081,Radio
1082,Print
1084,Print
1086,Print
1086,Television
1088,Print
1089,Print
1090,Print
1091,Print
1091,Internet
1092,Print
1092,Internet
1093,Print
1094,Print
1095,Print
1096,Print
1096,Internet
1097,Print
1098,Print
1099,Print
1100,Television
1101,Print
1102,Print
1103,Print
1104,Print
1105,Print
1106,Radio
1108,Print
1109,Print
1110,Print
1111,Radio
1112,Print
1112,Internet
1114,Print
1115,Internet
1116,Television
1117,Internet
1117,Print
1118,Television
1119,Print
1120,Radio
1122,Radio
1123,Print
1124,Radio
1124,Television
1126,Internet
1127,Print
1128,Print
1129,Print
1130,Internet
1131,Television
1132,Print
1133,Print
1134,Internet
1134,Television
1136,Print
1137,Internet
1138,Radio
1139,Radio
1140,Print
1141,Print
1142,Print
1143,Print
1144,Print
1145,Print
1146,Television
1148,Print
1150,Radio
1153,Print
1155,Print
1156,Print
1157,Radio
1158,Print
1159,Print
1161,Print
1161,Internet
1162,Print
1163,Print
1164,Print
1165,Radio
1166,Internet
1169,Print
1169,Television
1170,Internet
1171,Print
1172,Internet
1173,Internet
1174,Print
1175,Print
1176,Print
1177,Print
1178,Internet
1178,Television
1179,Radio
1180,Radio
1181,Print
1182,Print
1183,Print
1185,Print
1186,Print
1186,Internet
1187,Print
1188,Print
1189,Print
1190,Print
1191,Internet
1192,Internet
1192,Print
1193,Television
1194,Television
1196,Television
1197,Internet
1199,Print
1200,Radio
1201,Print
1202,Print
1203,Print
1205,Television
1206,Print
1207,Radio
1209,Print
1210,Television
1211,Internet
1211,Print
1212,Print
1213,Print
1215,Print
1216,Print
1217,Internet
1218,Internet
1218,Television
1219,Internet
1219,Print
1220,Print
1222,Print
1223,Television
1224,Internet
1225,Television
1226,Internet
1227,Radio
1227,Internet
1229,Internet
1229,Print
1230,Internet
1231,Internet
1232,Print
1233,Print
1234,Internet
1234,Print
1235,Internet
1236,Internet
1237,Internet
1238,Print
1239,Print
1240,Television
1241,Internet
1241,Print
1242,Television
1243,Television
1244,Print
1245,Print
1246,Print
1247,Print
1248,Print
1249,Television
1250,Television
1251,Print
1252,Print
1253,Print
1253,Internet
1254,Radio
1255,Radio
1255,Television
1256,Internet
1257,Radio
1258,Print
1259,Television
1260,Internet
1261,Radio
1262,Television
1263,Television
1264,Print
1265,Internet
1266,Print
1267,Television
1268,Internet
1269,Television
1270,Print
1271,Print
1272,Internet
1272,Print
1273,Internet
1274,Print
1275,Television
1275,Internet
1276,Print
1277,Print
1278,Television
1279,Internet
1280,Print
1281,Print
1282,Print
1285,Print
1287,Print
1288,Radio
1292,Print
1293,Television
1294,Radio
1295,Print
1295,Radio
1299,Radio
1300,Internet
1301,Internet
1301,Print
1303,Print
1304,Print
1306,Radio
1307,Print
1308,Radio
1308,Television
1309,Television
1309,Internet
1310,Internet
1310,Television
1311,Internet
1312,Internet
1312,Print
1314,Print
1314,Internet
1315,Internet
1316,Internet
1317,Print
1318,Print
1319,Radio
1320,Internet
1321,Print
1322,Documentary Film
1322,Internet
1323,Internet
1324,Internet
1325,Internet
1326,Print
1327,Internet
1327,Print
1328,Print
1329,Print
1330,Print
1331,Internet
1332,Internet
1333,Internet
1333,Print
1335,Print
1336,Television
1336,Internet
1337,Print
1340,Print
1341,Print
1342,Radio
1342,Television
1343,Television
1344,Television
1345,Television
1346,Internet
1347,Internet
1347,Print
1348,Internet
1351,Print
1352,Print
1353,Print
1354,Internet
1358,Print
1359,Radio
1359,Television
1360,Television
1361,Internet
1362,Print
1363,Print
1364,Print
1365,Print
1366,Print
1366,Internet
1367,Print
1369,Print
1370,Print
1371,Internet
1372,Print
1372,Internet
1373,Internet
1374,Print
1375,Radio
1376,Print
1377,Television
1379,Print
1380,Internet
1381,Print
1382,Print
1383,Print
1384,Print
1387,Television
1388,Television
1389,Print
1390,Print
1391,Television
1392,Internet
1392,Print
1393,Television
1394,Print
1394,Internet
1398,Internet
1399,Radio
1400,Television
1401,Internet
1402,Print
1404,Print
1407,Print
1408,Television
1409,Television
1411,Print
1413,Print
1413,Television
1417,Radio
1418,Print
1419,Print
1421,Internet
1422,Print
1424,Radio
1425,Internet
1425,Print
1426,Print
1427,Print
1428,Print
1429,Internet
1430,Radio
1432,Print
1435,Internet
1436,Radio
1437,Internet
1438,Radio
1439,Radio
1441,Print
1443,Print
1444,Print
1445,Internet
1446,Print
1447,Radio
1448,Print
1449,Print
1450,Internet
1450,Print
1453,Print
1454,Print
1454,Internet
1455,Television
1457,Print
1457,Internet
1459,Television
1461,Radio
1461,Television
1463,Radio
1464,Print
1465,Radio
1466,Internet
1467,Internet
1468,Television
1469,Internet
1470,Print
1470,Internet
1471,Internet
1472,Print
1473,Print
1474,Print
1475,Television
1477,Internet
1478,Television
1479,Print
1480,Print
1481,Print
1483,Internet
1483,Television
1484,Print
1485,Print
1486,Print
1487,Television
1488,Print
1489,Print
1490,Internet
1490,Print
1491,Radio
1491,Television
1492,Internet
1493,Internet
1494,Television
1495,Print
1495,Television
1495,Internet
1496,Print
1499,Print
1500,Print
1500,Internet
1503,Internet
1504,Print
1504,Internet
1505,Radio
1505,Television
1506,Radio
1507,Print
1508,Radio
1510,Radio
1511,Television
1512,Internet
1513,Print
1513,Internet
1514,Internet
1514,Print
1515,Print
1516,Print
1518,Radio
1519,Print
1519,Internet
1520,Print
1521,Radio
1522,Print
1523,Print
1524,Television
1525,Television
1526,Print
1526,Internet
1527,Internet
1528,Radio
1530,Print
1532,Print
1532,Internet
1533,Radio
1534,Radio
1536,Internet
1538,Print
1539,Print
1540,Print
1541,Print
1542,Internet
1543,Internet
1543,Print
1544,Internet
1546,Print
1547,Print
1548,Internet
1549,Internet
1550,Print
1551,Radio
1553,Print
1554,Print
1555,Radio
1556,Print
1557,Print
1558,Radio
1559,Internet
1559,Print
1560,Radio
1561,Print
1562,Print
1563,Internet
1563,Print
1564,Radio
1565,Radio
1565,Television
1566,Print
1567,Radio
1568,Print
1569,Print
1570,Television
1571,Internet
1572,Print
1573,Print
1574,Print
1576,Print
1577,Radio
1578,Print
1580,Print
1581,Print
1582,Radio
1585,Internet
1587,Print
1589,Radio
1590,Radio
1591,Radio
1592,Television
1593,Internet
1595,Print
1595,Television
1598,Television
1599,Print
1602,Radio
1603,Television
1604,Television
1605,Radio
1606,Radio
1608,Radio
1610,Radio
1611,Print
1614,Print
1615,Print
1617,Print
1618,Print
1622,Print
1622,Internet
1625,Print
1626,Print
1627,Internet
1627,Print
1627,Television
1629,Internet
1631,Radio
1632,Internet
1633,Radio
1635,Radio
1636,Print
1637,Print
1639,Print
1640,Print
1642,Radio
1644,Print
1647,Print
1648,Print
1649,Print
1651,Radio
1652,Print
1653,Print
1654,Radio
1656,Print
1657,Radio
1658,Print
1659,Print
1660,Internet
1661,Print
1662,Radio
1663,Print
1664,Print
1665,Print
1666,Print
1667,Print
1668,Print
1669,Print
1670,Internet
1672,Print
1672,Television
1673,Television
1674,Print
1675,Print
1676,Television
1677,Radio
1678,Print
1679,Internet
1679,Print
1680,Internet
1681,Print
1682,Print
1683,Print
1684,Print
1685,Internet
1686,Television
1688,Television
1689,Print
1689,Internet
1690,Print
1691,Print
1692,Television
1693,Internet
1694,Print
1695,Internet
1695,Print
1696,Print
1697,Print
1698,Print
1699,Radio
1700,Internet
1701,Television
1701,Internet
1702,Print
1702,Television
1703,Television
1704,Documentary Film
1705,Print
1706,Internet
1706,Radio
1708,Television
1709,Documentary Film
1709,Internet
1709,Television
1710,Internet
1711,Television
1711,Internet
1712,Television
1713,Television
1714,Television
1715,Television
1716,Television
1717,Television
1718,Television
1718,Internet
1719,Television
1720,Radio
1721,Print
1722,Radio
1724,Television
1725,Print
1726,Print
1727,Internet
1728,Print
1729,Television
1730,Television
1731,Print
1732,Print
1733,Television
1734,Internet
1737,Print
1739,Radio
1741,Print
1742,Internet
1743,Print
1744,Internet
1745,Print
1746,Radio
1747,Internet
1748,Internet
1749,Print
1750,Print
1751,Print
1752,Print
1752,Internet
1753,Print
1754,Internet
1754,Print
1755,Print
1756,Print
1759,Print
1760,Television
1762,Internet
1764,Print
1765,Print
1767,Print
1768,Print
1769,Print
1770,Radio
1770,Television
1773,Internet
1774,Print
1775,Print
1776,Documentary Film
1777,Internet
1778,Internet
1779,Print
1781,Internet
1782,Print
1783,Internet
1784,Internet
1785,Print
1786,Print
1786,Internet
1787,Print
1787,Internet
1789,Internet
1790,Print
1790,Radio
1791,Television
1792,Print
1793,Internet
1794,Internet
1795,Print
1796,Print
1797,Television
1797,Internet
1799,Internet
1799,Print
1800,Print
1801,Internet
1802,Print
1803,Internet
1804,Internet
1806,Internet
1807,Internet
1807,Print
1808,Internet
1809,Print
1810,Television
1811,Television
1814,Print
1815,Print
1818,Print
1819,Print
1820,Print
1821,Internet
1822,Internet
1823,Print
1824,Internet
1825,Print
1825,Internet
1826,Print
1827,Internet
1828,Internet
1829,Internet
1830,Internet
1831,Print
1832,Internet
1833,Internet
1834,Internet
1835,Print
1837,Internet
1838,Print
1839,Internet
1839,Television
1840,Internet
1840,Print
1841,Print
1842,Internet
1843,Internet
1844,Internet
1845,Print
1845,Internet
1847,Radio
1847,Television
1849,Radio
1852,Print
1854,Print
1854,Radio
1856,Print
1859,Print
1862,Print
1863,Print
1863,Radio
1864,Print
1864,Internet
1865,Print
1866,Internet
1867,Internet
1868,Internet
1870,Internet
1871,Internet
1871,Print
1872,Print
1873,Internet
1874,Internet
1875,Radio
1876,Print
1877,Print
1878,Internet
1879,Print
1880,Radio
1881,Print
1882,Print
1883,Print
1884,Radio
1885,Print
1885,Television
1886,Print
1887,Internet
1888,Print
1889,Television
1890,Radio
1891,Radio
1892,Radio
1892,Internet
1893,Radio
1893,Internet
1894,Print
1895,Print
1896,Internet
1897,Internet
1898,Internet
1898,Print
1899,Television
1901,Internet
1901,Television
1902,Television
1904,Internet
1905,Print
1906,Television
1907,Internet
1908,Print
1909,Television
1910,Print
1911,Documentary Film
1912,Internet
1913,Print
1914,Internet
1915,Internet
1915,Television
1916,Print
1917,Internet
1919,Print
1920,Internet
1921,Print
1922,Internet
1923,Television
1925,Print
1926,Radio
1927,Print
1928,Print
1929,Print
1930,Radio
1931,Print
1932,Print
1933,Print
1934,Print
1936,Print
1937,Print
1939,Radio
1941,Print
1942,Print
1943,Internet
1944,Print
1946,Print
1947,Television
1953,Television
1954,Print
1955,Print
1955,Radio
1956,Internet
1957,Print
1958,Internet
1959,Print
1961,Radio
1962,Print
1963,Radio
1965,Print
1966,Print
1966,Internet
1968,Internet
1970,Print
1973,Print
1973,Radio
1974,Print
1975,Television
1976,Print
1977,Print
1978,Print
1980,Internet
1980,Print
1981,Print
1982,Radio
1983,Print
1983,Internet
1984,Radio
1985,Print
1987,Documentary Film
1987,Internet
1987,Print
1987,Radio
1987,Television
1988,Internet
1989,Internet
1990,Television
1991,Radio
1994,Print
1995,Print
1996,Broadcast
1997,Print
1999,Print
2000,Internet
2000,Print
2001,Print
2001,Radio
2001,Internet
2002,Print
2003,Print
2004,Radio
2005,Print
2006,Print
2006,Internet
2007,Internet
2010,Documentary Film
2014,Internet
2015,Radio
2016,Television
2017,Print
2017,Internet
2019,Television
2022,Television
2023,Television
2023,Internet
2024,Internet
2025,Internet
2026,Print
2027,Radio
2028,Internet
2029,Internet
2031,Print
2032,Print
2033,Internet
2034,Internet
2035,Print
2035,Internet
2037,Internet
2038,Print
2039,Internet
2039,Print
2040,Print
2041,Internet
2041,Print
2042,Print
2043,Print
2044,Internet
2045,Internet
2045,Print
2045,Television
2046,Print
2047,Internet
2047,Print
2048,Print
2049,Print
2050,Internet
2050,Print
2053,Television
2053,Internet
2054,Print
2055,Print
2056,Television
2057,Print
2058,Radio
2059,Print
2061,Internet
2062,Internet
2062,Radio
2063,Print
2064,Print
2065,Print
2066,Print
2068,Print
2069,Print
2071,Print
2073,Print
2074,Print
2075,Radio
2076,Radio
2077,Print
2078,Print
2079,Print
2079,Television
2080,Print
2080,Internet
2081,Internet
2082,Print
2083,Print
2084,Print
2085,Print
2086,Print
2087,Television
2090,Print
2091,Television
2092,Radio
2094,Print
2095,Television
2095,Internet
2096,Print
2097,Print
2098,Print
2099,Radio
2102,Print
2103,Print
2104,Television
2105,Television
2106,Print
2107,Print
2107,Internet
2108,Radio
2109,Internet
2112,Print
2113,Internet
2114,Print
2116,Television
2116,Internet
2117,Internet
2119,Internet
2120,Print
2121,Radio
2122,Internet
2122,Print
2123,Internet
2124,Internet
2125,Internet
2125,Television
2126,Internet
2127,Internet
2128,Radio
2129,Radio
2130,Internet
2131,Print
2132,Internet
2133,Print
2134,Television
2135,Radio
2136,Internet
2137,Internet
2138,Television
2139,Radio
2139,Television
2140,Television
2141,Print
2142,Print
2143,Print
2144,Television
2145,Radio
2145,Internet
2146,Internet
2147,Print
2148,Radio
2149,Print
2150,Print
2151,Internet
2152,Television
2153,Internet
2154,Print
2155,Television
2156,Internet
2157,Internet
2158,Internet
2159,Internet
2161,Internet
2162,Documentary Film
2162,Internet
2163,Internet
2164,Television
2165,Internet
2165,Print
2165,Television
2166,Television
2166,Internet
2167,Television
2168,Internet
2168,Print
2169,Print
2170,Print
2171,Television
2172,Internet
2173,Television
2174,Television
2175,Internet
2176,Television
2178,Television
2179,Internet
2180,Radio
2181,Documentary Film
2181,Internet
2182,Internet
2183,Print
2184,Print
2184,Internet
2185,Internet
2186,Television
2187,Television
2188,Print
2189,Print
2190,Television
2191,Internet
2194,Internet
2194,Television
2195,Radio
2196,Internet
2197,Internet
2197,Print
2198,Print
2199,Internet
2199,Radio
2200,Internet
2201,Radio
2202,Internet
2203,Internet
2204,Television
2205,Print
2206,Print
2207,Internet
2207,Television
2208,Television
2209,Radio
2210,Internet
2211,Radio
2212,Television
2213,Print
2214,Print
2215,Radio
2216,Print
2217,Internet
2218,Print
2219,Print
2221,Television
2222,Television
2223,Print
2224,Internet
2225,Radio
2225,Television
2225,Internet
2226,Internet
2227,Radio
2228,Radio
2229,Print
2230,Television
2231,Print
2232,Television
2233,Radio
2235,Internet
2236,Documentary Film
2237,Internet
2238,Radio
2238,Television
2239,Print
2239,Internet
2240,Documentary Film
2241,Radio
2241,Television
2242,Print
2242,Internet
2243,Radio
2244,Print
2245,Print
2246,Print
2247,Print
2247,Internet
2248,Internet
2249,Television
2250,Internet
2251,Print
2252,Internet
2253,Internet
2254,Documentary Film
2254,Internet
2254,Print
2255,Television
2255,Internet
2256,Television
2257,Television
2258,Television
2259,Print
2260,Radio
2261,Print
2261,Internet
2262,Print
2263,Internet
2264,Television
2265,Print
2266,Print
2266,Internet
2267,Television
2268,Television
2269,Print
2270,Internet
2271,Internet
2273,Internet
2274,Print
2275,Print
2278,Print
2279,Television
2280,Print
2280,Internet
2281,Print
2282,Internet
2283,Television
2283,Internet
2284,Radio
2285,Print
2286,Internet
2286,Print
2287,Radio
2288,Radio
2288,Television
2289,Radio
2290,Print
2291,Radio
2292,Radio
2293,Print
2295,Television
2296,Print
2296,Radio
2297,Television
2298,Print
2298,Internet
2299,Internet
2299,Print
2300,Print
2301,Print
2302,Print
2303,Print
2303,Internet
2304,Print
2305,Print
2306,Print
2306,Television
2307,Print
2308,Radio
2309,Television
2310,Print
2311,Print
2311,Television
2312,Radio
2312,Television
2313,Television
2313,Internet
2314,Television
2315,Internet
2316,Print
2318,Print
2319,Print
2320,Internet
2320,Print
2321,Print
2322,Print
2323,Print
2324,Print
2325,Print
2326,Print
2327,Television
2328,Television
2329,Television
2330,Internet
2330,Print
2331,Print
2332,Internet
2333,Television
2334,Internet
2334,Print
2335,Internet
2335,Print
2336,Internet
2338,Television
2339,Print
2339,Radio
2340,Print
2342,Internet
2342,Print
2344,Print
2345,Radio
2346,Television
2347,Internet
2348,Print
2349,Internet
2349,Print
2350,Television
2351,Print
2352,Radio
2353,Internet
2354,Internet
2355,Print
2356,Print
2357,Television
2358,Internet
2359,Print
2360,Television
2361,Print
2362,Print
2363,Print
2364,Internet
2365,Print
2366,Print
2367,Television
2369,Print
2370,Television
2371,Print
2372,Print
2373,Internet
2374,Print
2375,Print
2376,Print
2376,Television
2377,Print
2378,Internet
2379,Internet
2380,Print
2380,Radio
2381,Print
2381,Radio
2382,Print
2383,Print
2385,Print
2386,Internet
2387,Print
2388,Print
2389,Television
2390,Internet
2391,Print
2392,Print
2392,Television
2394,Television
2395,Print
2396,Internet
2398,Print
2399,Print
2399,Radio
2400,Television
2401,Print
2402,Print
2403,Print
2404,Radio
2405,Radio
2406,Television
2407,Print
2408,Print
2409,Internet
2410,Print
2411,Print
2412,Internet
2412,Print
2413,Radio
2421,Print
2422,Internet
2423,Print
2424,Television
2425,Print
2426,Print
2427,Internet
2428,Print
2429,Internet
2430,Internet
2431,Internet
2432,Internet
2432,Print
2433,Internet
2434,Internet
2434,Print
2434,Radio
2435,Print
2436,Internet
2437,Internet
2438,Internet
2438,Radio
2439,Print
2440,Print
2441,Print
2442,Print
2443,Print
2444,Print
2445,Internet
2446,Documentary Film
2447,Radio
2450,Radio
2451,Internet
2453,Internet
2454,Internet
2455,Print
2455,Internet
2456,Television
2457,Internet
2459,Internet
2460,Radio
2461,Print
2462,Print
2463,Print
2463,Internet
2464,Internet
2465,Print
2466,Print
2467,Print
2468,Print
2468,Radio
2469,Internet
2471,Print
2472,Television
2473,Print
2474,Internet
2475,Print
2475,Internet
2477,Print
2478,Radio
2479,Radio
2480,Print
2481,Internet
2482,Television
2483,Television
2483,Internet
2484,Print
2485,Television
2485,Internet
2486,Print
2487,Internet
2487,Television
2488,Print
2489,Print
2490,Internet
2491,Radio
2492,Print
2493,Print
2494,Internet
2495,Print
2497,Internet
2498,Print
2499,Print
2500,Radio
2502,Television
2503,Print
2504,Television
2505,Internet
2506,Print
2507,Print
2508,Radio
2509,Print
2510,Print
2511,Internet
2514,Internet
2516,Radio
2517,Print
2518,Radio
2519,Radio
2520,Television
2521,Print
2521,Internet
2522,Print
2523,Print
2524,Internet
2525,Television
2526,Radio
2528,Internet
2528,Print
2529,Print
2530,Television
2531,Print
2532,Print
2533,Internet
2534,Internet
2536,Internet
2537,Print
2538,Internet
2539,Print
2539,Radio
2540,Television
2542,Television
2543,Print
2545,Print
2546,Television
2547,Television
2547,Internet
2548,Internet
2548,Television
2550,Internet
2551,Documentary Film
2553,Print
2554,Print
2556,Internet
2556,Print
2558,Internet
2558,Print
2559,Internet
2560,Internet
2560,Print
2561,Print
2562,Print
2564,Internet
2565,Print
2566,Print
2567,Print
2568,Print
2569,Television
2570,Television
2572,Print
2573,Print
2575,Print
2576,Internet
2577,Print
2580,Radio
2581,Print
2582,Print
2583,Television
2585,Print
2585,Internet
2587,Radio
2588,Print
2589,Internet
2589,Print
2590,Internet
2592,Print
2594,Print
2596,Internet
2597,Television
2598,Print
2599,Print
2600,Radio
2600,Television
2601,Print
2602,Print
2603,Television
2604,Internet
2607,Radio
2607,Television
2608,Internet
2609,Print
2610,Television
2611,Radio
2611,Internet
2612,Print
2613,Television
2614,Print
2615,Print
2616,Print
2616,Internet
2617,Print
2619,Print
2620,Radio
2621,Television
2622,Internet
2623,Television
2624,Television
2626,Television
2628,Radio
2629,Internet
2630,Print
2631,Internet
2632,Internet
2633,Internet
2634,Internet
2635,Print
2636,Internet
2637,Internet
2638,Print
2639,Internet
2640,Internet
2641,Print
2642,Print
2643,Print
2643,Internet
2644,Internet
2644,Print
2644,Radio
2645,Television
2646,Radio
2648,Print
2649,Radio
2650,Print
2651,Internet
2652,Print
2655,Print
2656,Internet
2656,Print
2658,Print
2659,Print
2660,Print
2661,Television
2662,Print
2663,Radio
2663,Television
2665,Internet
2666,Television
2667,Print
2669,Internet
2670,Internet
2670,Print
2671,Internet
2671,Print
2672,Print
2673,Television
2674,Internet
2675,Television
2676,Internet
2676,Print
2677,Print
2678,Television
2681,Radio
2681,Internet
2683,Television
2684,Radio
2685,Television
2686,Print
2688,Radio
2689,Television
2690,Print
2691,Print
2691,Internet
2692,Print
2693,Print
2694,Print
2695,Print
2696,Internet
2698,Print
2699,Print
2700,Television
2701,Print
2702,Print
2703,Print
2704,Print
2705,Internet
2706,Print
2707,Television
2707,Internet
2708,Print
2708,Television
2708,Internet
2709,Internet
2710,Television
2711,Television
2712,Television
2713,Internet
2713,Print
2714,Radio
2715,Television
2717,Print
2718,Television
2719,Internet
2720,Television
2722,Print
2723,Print
2724,Print
2725,Internet
2725,Print
2726,Television
2728,Print
2729,Print
2730,Internet
2730,Print
2731,Print
2732,Print
2733,Print
2733,Television
2734,Print
2735,Print
2736,Radio
2737,Internet
2738,Print
2739,Print
2740,Internet
2741,Radio
2742,Print
2743,Internet
2743,Print
2744,Internet
2744,Print
2745,Print
2747,Print
2748,Internet
2748,Documentary Film
2748,Television
2749,Print
2750,Internet
2751,Television
2753,Print
2754,Print
2756,Television
2757,Print
2759,Print
2761,Print
2762,Television
2763,Radio
2764,Print
2765,Television
2766,Print
2768,Print
2769,Internet
2769,Print
2770,Radio
2773,Print
2775,Internet
2776,Print
2777,Print
2780,Television
2781,Radio
2783,Print
2784,Print
2784,Radio
2785,Radio
2788,Radio
2789,Internet
2791,Print
2792,Internet
2793,Radio
2794,Radio
2797,Internet
2798,Print
2799,Print
2800,Print
2801,Radio
2802,Internet
2803,Print
2804,Internet
2804,Television
2805,Television
2807,Print
2808,Print
2809,Radio
2811,Print
2812,Print
2812,Radio
2813,Print
2815,Print
2816,Print
2818,Internet
2819,Print
2820,Print
2821,Print
2822,Television
2823,Television
2825,Internet
2826,Print
2827,Print
2828,Television
2829,Print
2829,Radio
2829,Internet
2829,Television
2830,Print
2831,Internet
2831,Print
2832,Internet
2832,Print
2833,Print
2834,Print
2835,Internet
2836,Print
2837,Radio
2838,Internet
2839,Print
2840,Internet
2842,Print
2843,Print
2844,Print
2844,Internet
2846,Internet
2846,Print
2846,Radio
2846,Television
2847,Internet
2847,Print
2848,Print
2849,Television
2850,Internet
2850,Television
2851,Television
2852,Radio
2853,Print
2855,Print
2857,Print
2858,Print
2859,Print
2860,Documentary Film
2860,Internet
2860,Print
2860,Radio
2860,Television
2861,Print
2862,Print
2863,Print
2864,Radio
2865,Television
2866,Print
2867,Television
2869,Print
2871,Television
2872,Television
2873,Television
2874,Print
2875,Internet
2876,Print
2877,Print
2878,Print
2879,Print
2880,Print
2881,Print
2882,Internet
2883,Internet
2884,Print
2885,Documentary Film
2885,Internet
2885,Print
2886,Internet
2887,Television
2888,Print
2888,Radio
2888,Television
2889,Internet
2890,Television
2891,Television
2892,Print
2892,Television
2893,Internet
2894,Television
2894,Internet
2895,Internet
2896,Print
2897,Print
2898,Print
2899,Print
2900,Print
2901,Print
2902,Television
2903,Radio
2905,Print
2906,Television
2907,Print
2908,Television
2909,Radio
2909,Internet
2910,Internet
2911,Television
2912,Internet
2913,Television
2914,Internet
2916,Television
2917,Television
2918,Internet
2918,Television
2919,Print
2920,Print
2921,Print
2924,Print
2928,Radio
2929,Television
2931,Television
2932,Print
2933,Print
2935,Radio
2936,Television
2937,Radio
2938,Print
2939,Print
2940,Internet
2940,Radio
2941,Print
2941,Internet
2942,Print
2942,Internet
2943,Print
2943,Internet
2944,Television
2945,Internet
2947,Print
2948,Print
2948,Internet
2949,Print
2950,Internet
2951,Internet
2951,Television
2952,Internet
2954,Internet
2955,Internet
2955,Television
2956,Print
2957,Print
2958,Television
2959,Print
2960,Print
2963,Internet
2964,Internet
2965,Print
2966,Print
2967,Print
2968,Print
2969,Print
2970,Print
2971,Print
2972,Internet
2973,Internet
2974,Television
2975,Television
2976,Print
2976,Radio
2977,Print
2978,Radio
2979,Radio
2981,Print
2981,Internet
2984,Television
2985,Internet
2988,Print
2989,Print
2990,Print
2991,Print
2993,Print
2994,Internet
2995,Internet
2995,Radio
2995,Television
2996,Internet
2996,Print
2997,Internet
2997,Print
2998,Internet
2999,Print
2999,Radio
2999,Television
3000,Internet
3001,Internet
3001,Print
3002,Internet
3003,Internet
3005,Print
3006,Print
3008,Print
3008,Internet
3009,Print
3010,Internet
3011,Documentary Film
3011,Print
3013,Television
3014,Print
3015,Print
3015,Radio
3016,Television
3017,Print
3019,Television
3020,Print
3022,Radio
3025,Print
3026,Television
3027,Print
3028,Radio
3029,Documentary Film
3030,Print
3031,Print
3032,Internet
3033,Television
3034,Print
3034,Radio
3034,Television
3035,Print
3036,Radio
3037,Print
3037,Internet
3038,Print
3040,Television
3040,Internet
3041,Print
3041,Radio
3042,Internet
3043,Print
3044,Print
3047,Print
3048,Internet
3048,Print
3049,Print
3051,Print
3052,Television
3053,Radio
3054,Television
3054,Internet
3055,Print
3056,Internet
3057,Print
3058,Print
3061,Print
3062,Print
3064,Print
3065,Print
3066,Documentary Film
3066,Internet
3067,Print
3068,Internet
3069,Print
3070,Television
3071,Television
3072,Print
3073,Print
3074,Internet
3074,Television
3075,Print
3076,Print
3077,Radio
3077,Internet
3078,Documentary Film
3078,Internet
3078,Television
3079,Radio
3080,Print
3082,Print
3083,Print
3084,Print
3085,Print
3086,Print
3087,Print
3088,Internet
3089,Internet
3090,Print
3092,Print
3092,Television
3093,Internet
3094,Print
3095,Print
3096,Television
3097,Television
3098,Print
3099,Television
3099,Internet
3100,Radio
3101,Print
3101,Internet
3103,Print
3103,Internet
3104,Print
3105,Print
3106,Print
3107,Print
3109,Television
3110,Print
3111,Print
3112,Print
3113,Television
3114,Television
3115,Television
3116,Print
3117,Print
3119,Print
3120,Internet
3120,Print
3122,Internet
3123,Print
3125,Print
3126,Print
3128,Radio
3129,Internet
3132,Television
3133,Radio
3134,Internet
3135,Print
3137,Internet
3138,Print
3139,Print
3140,Print
3141,Television
3142,Television
3144,Television
3145,Internet
3147,Print
3148,Television
3149,Print
3150,Print
3151,Print
3152,Internet
3153,Internet
3154,Internet
3155,Internet
3155,Print
3156,Print
3157,Television
3158,Television
3159,Internet
3161,Print
3161,Television
3162,Print
3163,Print
3164,Print
3165,Print
3166,Radio
3167,Print
3168,Print
3169,Print
3170,Print
3171,Print
3172,Television
3173,Radio
3174,Print
3175,Radio
3176,Print
3178,Print
3179,Print
3181,Television
3182,Print
3183,Print
3184,Internet
3185,Television
3186,Radio
3186,Television
3187,Print
3188,Print
3190,Print
3191,Print
3192,Television
3193,Print
3194,Print
3194,Radio
3194,Television
3195,Television
3197,Internet
3197,Print
3198,Documentary Film
3200,Radio
3201,Print
3202,Documentary Film
3202,Internet
3203,Documentary Film
3203,Print
3204,Print
3206,Print
3206,Radio
3208,Internet
3208,Print
3209,Print
3211,Television
3212,Print
3213,Print
3214,Print
3214,Television
3215,Television
3216,Print
3218,Radio
3220,Print
3222,Print
3223,Print
3224,Print
3225,Print
3226,Internet
3227,Internet
3228,Internet
3228,Print
3229,Internet
3231,Print
3232,Internet
3233,Print
3234,Documentary Film
3234,Internet
3234,Television
3236,Internet
3236,Print
3237,Print
3238,Internet
3238,Print
3239,Print
3240,Print
3241,Print
3242,Internet
3243,Print
3244,Television
3245,Internet
3246,Internet
3247,Internet
3248,Print
3249,Print
3250,Print
3251,Internet
3252,Print
3253,Internet
3253,Print
3254,Print
3255,Television
3256,Print
3257,Print
3257,Radio
3258,Print
3259,Internet
3260,Print
3261,Print
3262,Internet
3264,Print
3266,Television
3267,Print
3267,Internet
3268,Print
3269,Internet
3269,Print
3272,Print
3273,Print
3275,Radio
3277,Print
3279,Internet
3281,Internet
3282,Print
3283,Internet
3283,Television
3284,Print
3285,Print
3286,Print
3287,Internet
3287,Television
3288,Internet
3288,Television
3290,Print
3292,Television
3292,Internet
3293,Internet
3294,Print
3295,Print
3296,Print
3297,Radio
3298,Television
3300,Print
3301,Print
3303,Print
3304,Television
3305,Television
3307,Internet
3308,Television
3309,Radio
3310,Print
3312,Internet
3313,Print
3314,Print
3315,Print
3316,Print
3317,Print
3318,Print
3319,Print
3320,Television
3321,Print
3322,Print
3323,Print
3324,Television
3326,Print
3326,Internet
3328,Television
3329,Print
3331,Print
3333,Internet
3333,Print
3334,Print
3335,Television
3336,Internet
3337,Television
3338,Television
3339,Print
3340,Internet
3340,Print
3342,Television
3343,Television
3344,Television
3345,Internet
3346,Print
3347,Television
3348,Print
3349,Internet
3350,Print
3351,Print
3353,Print
3354,Print
3355,Print
3356,Internet
3357,Internet
3358,Print
3359,Print
3361,Print
3362,Internet
3363,Print
3364,Print
3365,Print
3366,Television
3366,Internet
3367,Internet
3369,Television
3370,Internet
3370,Radio
3371,Print
3372,Internet
3373,Internet
3374,Print
3375,Internet
3375,Print
3378,Print
3379,Radio
3381,Radio
3381,Television
3382,Internet
3384,Print
3385,Television
3386,Television
3387,Print
3388,Radio
3390,Print
3391,Print
3392,Print
3393,Internet
3393,Print
3394,Internet
3395,Print
3396,Print
3397,Internet
3398,Print
3399,Internet
3399,Print
3400,Internet
3401,Print
3402,Print
3403,Print
3404,Print
3406,Internet
3406,Print
3407,Print
3408,Radio
3409,Print
3410,Internet
3410,Print
3411,Internet
3413,Internet
3414,Print
3415,Internet
3416,Internet
3417,Print
3418,Internet
3419,Print
3420,Internet
3421,Internet
3422,Internet
3423,Internet
3424,Print
3426,Internet
3426,Television
3427,Television
3428,Print
3430,Internet
3430,Television
3431,Print
3433,Radio
3433,Television
3434,Radio
3435,Print
3436,Television
3437,Internet
3437,Print
3438,Print
3439,Print
3439,Internet
3440,Internet
3441,Internet
3441,Radio
3442,Print
3443,Internet
3445,Internet
3447,Print
3448,Print
3449,Radio
3450,Radio
3453,Print
3454,Television
3454,Internet
3455,Print
3456,Internet
3457,Internet
3458,Internet
3459,Television
3460,Print
3461,Print
3462,Print
3463,Print
3465,Print
3466,Print
3467,Television
3468,Radio
3469,Print
3470,Print
3471,Print
3472,Print
3473,Print
3474,Print
3475,Television
3476,Internet
3477,Print
3478,Print
3479,Print
3479,Radio
3479,Internet
3480,Print
3482,Internet
3483,Internet
3484,Print
3485,Print
3486,Print
3487,Television
3488,Radio
3489,Television
3490,Internet
3493,Radio
3495,Print
3496,Print
3497,Television
3498,Print
3498,Documentary Film
3498,Internet
3501,Print
3502,Internet
3503,Print
3504,Internet
3504,Print
3505,Print
3506,Print
3507,Internet
3508,Internet
3510,Print
3511,Print
3512,Print
3513,Internet
3514,Print
3515,Internet
3516,Radio
3517,Internet
3518,Internet
3519,Internet
3520,Internet
3521,Internet
3522,Internet
3523,Print
3524,Internet
3524,Print
3525,Print
3526,Print
3527,Print
3528,Print
3528,Internet
3529,Internet
3531,Print
3532,Internet
3533,Print
3534,Print
3535,Print
3536,Television
3539,Print
3541,Internet
3542,Print
3543,Internet
3543,Print
3544,Internet
3545,Print
3546,Television
3547,Internet
3548,Print
3548,Television
3549,Internet
3550,Internet
3551,Print
3555,Television
3555,Internet
3556,Internet
3557,Print
3558,Internet
3558,Print
3559,Internet
3560,Radio
3561,Internet
3562,Internet
3563,Internet
3564,Internet
3565,Print
3566,Print
3567,Print
3568,Print
3569,Print
3570,Internet
3571,Internet
3572,Internet
3573,Print
3574,Internet
3574,Print
3575,Internet
3575,Television
3576,Internet
3577,Internet
3577,Print
3578,Print
3579,Print
3580,Internet
3581,Internet
3581,Print
3582,Internet
3583,Internet
3584,Print
3585,Print
3586,Internet
3586,Print
3587,Internet
3588,Print
